id,title,description,url,thumb
santa_hat,サンタ帽子,頭にかぶるだけでクリスマス気分が味わえるサンタ帽子のパーツです。,https://erostock.net/sozai/santa_hat,https://erostock.net/wp-content/uploads/2019/12/santa_hat_500.png
dildo_xmas_dbm,クリぼっちアナニーデブ,ディルドを使ったアナルオナニーでメスイキを楽しむクリぼっちな太めの男性のエロストです。（前立腺オナニー・アナニー）,https://erostock.net/sozai/dildo_xmas_dbm,https://erostock.net/wp-content/uploads/2019/12/dildo_xmas_dbm_500.png
hip-up_santa-w,お尻を突き上げるサンタ帽の女性,お尻を上に突き上げているサンタ帽子をかぶった女性のエロストです。,https://erostock.net/sozai/hip-up_santa-w,https://erostock.net/wp-content/uploads/2019/12/hip-up_santa-w_500.png
paco_santa-m,腰を振るサンタ帽の男性,強すぎる愛情のあまり、つい腰を激しく振ってしまうサンタ帽子をかぶった男性のエロストです。,https://erostock.net/sozai/paco_santa-m,https://erostock.net/wp-content/uploads/2019/12/paco_santa-m_500.png
paco_santa-oj,腰を振るサンタ帽のおじさん,強すぎる愛情のあまり、つい腰を激しく振ってしまうサンタ帽子をかぶったおじさんのエロストです。,https://erostock.net/sozai/paco_santa-oj,https://erostock.net/wp-content/uploads/2019/12/paco_santa-oj_500.png
bg_nenga01,【背景】初日の出,富士山と初日の出のお年賀用背景素材です。（年賀状・お正月・元旦・謹賀新年）,https://erostock.net/sozai/bg_nenga01,https://erostock.net/wp-content/uploads/2019/12/bg_nenga01_500.png
hip-up_mouse,お尻を突き上げるメスのネズミ,お尻を上に突き上げている雌の鼠のエロストです。（ねずみ・マウス）,https://erostock.net/sozai/hip-up_mouse,https://erostock.net/wp-content/uploads/2019/12/hip-up_mouse_500.png
paco_mouse,腰を振るオスのネズミ,強すぎる愛情のあまり、つい腰を激しく振ってしまう雄の鼠のエロストです。（ねずみ・マウス）,https://erostock.net/sozai/paco_mouse,https://erostock.net/wp-content/uploads/2019/12/paco_mouse_500.png
kikkou_rabbit,亀甲縛りのウサギ,亀甲縛りをされる兎のエロストです。,https://erostock.net/sozai/kikkou_rabbit,https://erostock.net/wp-content/uploads/2019/12/kikkou_rabbit_500.png
kikkou_m,亀甲縛りの男性,亀甲縛りをされる男性のエロストです。,https://erostock.net/sozai/kikkou_m,https://erostock.net/wp-content/uploads/2019/12/kikkou_m_500.png
kikkou_ob,亀甲縛りのおばさん,亀甲縛りをされるおばさんのエロストです。,https://erostock.net/sozai/kikkou_ob,https://erostock.net/wp-content/uploads/2019/12/kikkou_ob_500.png
kikkou_w,亀甲縛りの女性,亀甲縛りをされる女性のエロストです。,https://erostock.net/sozai/kikkou_w,https://erostock.net/wp-content/uploads/2019/12/kikkou_w_500.png
kikkou_oj,亀甲縛りのおじさん,亀甲縛りをされるおじさんのエロストです。,https://erostock.net/sozai/kikkou_oj,https://erostock.net/wp-content/uploads/2019/12/kikkou_oj_500.png
vr_shasei,VR効果で射精してしまう男性,何かのVR映像を観せられて、思わず射精してしまう男性のエロストです。,https://erostock.net/sozai/vr_shasei,https://erostock.net/wp-content/uploads/2019/12/VR_shasei_500.png
vr-milk_w,VR効果で母乳が出てしまう女性,何かのVR映像を観せられて、思わず母乳が乳首から溢れ出てしまう女性のエロストです。,https://erostock.net/sozai/vr-milk_w,https://erostock.net/wp-content/uploads/2019/12/VR-milk_w_500.png
bg_bathroom_op,【背景】お風呂 重ねパーツ,お風呂・浴室の背景素材用、重ねパーツです。に重ねて使うことで、キャラクターをお風呂に入れたり、バスチェアを置いたりすることが出来ます。画像をダウンロード,https://erostock.net/sozai/bg_bathroom_op,https://erostock.net/wp-content/uploads/2019/12/bg_bathroom_op_500.png
bg_bathroom,【背景】お風呂,お風呂場・浴室の背景素材です。を重ねて使えば、キャラクターをお風呂に入れたり、窓の外にキャラクターを置いたり、バスチェアを置く事ができます。画像をダウンロード,https://erostock.net/sozai/bg_bathroom,https://erostock.net/wp-content/uploads/2019/12/bg_bathroom_500.png
bg_pool_op3,【背景】屋内プール 重ねパーツ03,屋内プールの背景素材用、マットやチェア、ビーチボールの重ねパーツです。と重ねパーツ02に重ねて使うことで、プールサイドにマットやチェア、ビーチボールを置くことが出来ます。画像をダウンロード,https://erostock.net/sozai/bg_pool_op3,https://erostock.net/wp-content/uploads/2019/11/bg_pool_op3_500.png
bg_pool_op2,【背景】屋内プール 重ねパーツ02,屋内プールの背景素材用、プールサイドの重ねパーツです。に重ねて使うことで、手前にプールサイドを作ることが出来ます。画像をダウンロード,https://erostock.net/sozai/bg_pool_op2,https://erostock.net/wp-content/uploads/2019/11/bg_pool_op2_500.png
bg_pool_op1,【背景】屋内プール 重ねパーツ01,屋内プールの背景素材用、水面の重ねパーツです。に重ねて使うことで、キャラクターをプールに入れることが出来ます。画像をダウンロード,https://erostock.net/sozai/bg_pool_op1,https://erostock.net/wp-content/uploads/2019/11/bg_pool_op1_500.png
bg_pool,【背景】屋内プール,屋内プールの背景素材です。、重ねパーツ02、重ねパーツ03を重ねて使えば、キャラクターをプールに入れたり、プールサイドを作ったり、マットやチェアを置く事ができます。画像をダウンロード,https://erostock.net/sozai/bg_pool,https://erostock.net/wp-content/uploads/2019/11/bg_pool_500.png
bg_yomichi_w,【背景】住宅街の夜道で驚く女性,住宅街の夜道で女性が何かに驚いている状況の背景素材です。,https://erostock.net/sozai/bg_yomichi_w,https://erostock.net/wp-content/uploads/2019/10/bg_yomichi_w_500.png
bg_yomichi_m,【背景】住宅街の夜道で驚く男性,住宅街の夜道で男性が何かに驚いている状況の背景素材です。,https://erostock.net/sozai/bg_yomichi_m,https://erostock.net/wp-content/uploads/2019/10/bg_yomichi_m_500.png
bg_yomichi,【背景】住宅街の夜道,夜の住宅街にある道路の背景素材です。,https://erostock.net/sozai/bg_yomichi,https://erostock.net/wp-content/uploads/2019/10/bg_yomichi_500.png
mosaic09,モザイク09（モノクロ濃度：高）,濃度が高めな白黒のモザイクパターンのパーツです。（修正・ぼかし）,https://erostock.net/sozai/mosaic09,https://erostock.net/wp-content/uploads/2019/08/mosaic09_500.png
mosaic08,モザイク08（モノクロ濃度：中）,濃度が中くらいの白黒モザイクパターンのパーツです。（修正・ぼかし）,https://erostock.net/sozai/mosaic08,https://erostock.net/wp-content/uploads/2019/08/mosaic08_500.png
mosaic07,モザイク07（モノクロ濃度：低）,濃度が低めな白黒のモザイクパターンのパーツです。（修正・ぼかし）,https://erostock.net/sozai/mosaic07,https://erostock.net/wp-content/uploads/2019/08/mosaic07_500.png
mosaic06,モザイク06（濃度：高）,濃度が高めな焦げ茶色のモザイクパターンのパーツです。（修正・ぼかし）,https://erostock.net/sozai/mosaic06,https://erostock.net/wp-content/uploads/2019/08/mosaic06_500.png
mosaic05,モザイク05（濃度：高）,濃度が高めな茶色のモザイクパターンのパーツです。（修正・ぼかし）,https://erostock.net/sozai/mosaic05,https://erostock.net/wp-content/uploads/2019/08/mosaic05_500.png
mosaic04,モザイク04（濃度：中）,濃度が中〜少し濃いくらいの肌色のモザイクパターンのパーツです。（修正・ぼかし）,https://erostock.net/sozai/mosaic04,https://erostock.net/wp-content/uploads/2019/08/mosaic04_500.png
santa_hat,サンタ帽子,頭にかぶるだけでクリスマス気分が味わえるサンタ帽子のパーツです。,https://erostock.net/sozai/santa_hat,https://erostock.net/wp-content/uploads/2019/12/santa_hat_500.png
dildo_xmas_dbm,クリぼっちアナニーデブ,ディルドを使ったアナルオナニーでメスイキを楽しむクリぼっちな太めの男性のエロストです。（前立腺オナニー・アナニー）,https://erostock.net/sozai/dildo_xmas_dbm,https://erostock.net/wp-content/uploads/2019/12/dildo_xmas_dbm_500.png
hip-up_santa-w,お尻を突き上げるサンタ帽の女性,お尻を上に突き上げているサンタ帽子をかぶった女性のエロストです。,https://erostock.net/sozai/hip-up_santa-w,https://erostock.net/wp-content/uploads/2019/12/hip-up_santa-w_500.png
paco_santa-m,腰を振るサンタ帽の男性,強すぎる愛情のあまり、つい腰を激しく振ってしまうサンタ帽子をかぶった男性のエロストです。,https://erostock.net/sozai/paco_santa-m,https://erostock.net/wp-content/uploads/2019/12/paco_santa-m_500.png
paco_santa-oj,腰を振るサンタ帽のおじさん,強すぎる愛情のあまり、つい腰を激しく振ってしまうサンタ帽子をかぶったおじさんのエロストです。,https://erostock.net/sozai/paco_santa-oj,https://erostock.net/wp-content/uploads/2019/12/paco_santa-oj_500.png
bg_nenga01,【背景】初日の出,富士山と初日の出のお年賀用背景素材です。（年賀状・お正月・元旦・謹賀新年）,https://erostock.net/sozai/bg_nenga01,https://erostock.net/wp-content/uploads/2019/12/bg_nenga01_500.png
hip-up_mouse,お尻を突き上げるメスのネズミ,お尻を上に突き上げている雌の鼠のエロストです。（ねずみ・マウス）,https://erostock.net/sozai/hip-up_mouse,https://erostock.net/wp-content/uploads/2019/12/hip-up_mouse_500.png
paco_mouse,腰を振るオスのネズミ,強すぎる愛情のあまり、つい腰を激しく振ってしまう雄の鼠のエロストです。（ねずみ・マウス）,https://erostock.net/sozai/paco_mouse,https://erostock.net/wp-content/uploads/2019/12/paco_mouse_500.png
kikkou_rabbit,亀甲縛りのウサギ,亀甲縛りをされる兎のエロストです。,https://erostock.net/sozai/kikkou_rabbit,https://erostock.net/wp-content/uploads/2019/12/kikkou_rabbit_500.png
kikkou_m,亀甲縛りの男性,亀甲縛りをされる男性のエロストです。,https://erostock.net/sozai/kikkou_m,https://erostock.net/wp-content/uploads/2019/12/kikkou_m_500.png
kikkou_ob,亀甲縛りのおばさん,亀甲縛りをされるおばさんのエロストです。,https://erostock.net/sozai/kikkou_ob,https://erostock.net/wp-content/uploads/2019/12/kikkou_ob_500.png
kikkou_w,亀甲縛りの女性,亀甲縛りをされる女性のエロストです。,https://erostock.net/sozai/kikkou_w,https://erostock.net/wp-content/uploads/2019/12/kikkou_w_500.png
kikkou_oj,亀甲縛りのおじさん,亀甲縛りをされるおじさんのエロストです。,https://erostock.net/sozai/kikkou_oj,https://erostock.net/wp-content/uploads/2019/12/kikkou_oj_500.png
vr_shasei,VR効果で射精してしまう男性,何かのVR映像を観せられて、思わず射精してしまう男性のエロストです。,https://erostock.net/sozai/vr_shasei,https://erostock.net/wp-content/uploads/2019/12/VR_shasei_500.png
vr-milk_w,VR効果で母乳が出てしまう女性,何かのVR映像を観せられて、思わず母乳が乳首から溢れ出てしまう女性のエロストです。,https://erostock.net/sozai/vr-milk_w,https://erostock.net/wp-content/uploads/2019/12/VR-milk_w_500.png
bg_bathroom_op,【背景】お風呂 重ねパーツ,お風呂・浴室の背景素材用、重ねパーツです。に重ねて使うことで、キャラクターをお風呂に入れたり、バスチェアを置いたりすることが出来ます。画像をダウンロード,https://erostock.net/sozai/bg_bathroom_op,https://erostock.net/wp-content/uploads/2019/12/bg_bathroom_op_500.png
bg_bathroom,【背景】お風呂,お風呂場・浴室の背景素材です。を重ねて使えば、キャラクターをお風呂に入れたり、窓の外にキャラクターを置いたり、バスチェアを置く事ができます。画像をダウンロード,https://erostock.net/sozai/bg_bathroom,https://erostock.net/wp-content/uploads/2019/12/bg_bathroom_500.png
bg_pool_op3,【背景】屋内プール 重ねパーツ03,屋内プールの背景素材用、マットやチェア、ビーチボールの重ねパーツです。と重ねパーツ02に重ねて使うことで、プールサイドにマットやチェア、ビーチボールを置くことが出来ます。画像をダウンロード,https://erostock.net/sozai/bg_pool_op3,https://erostock.net/wp-content/uploads/2019/11/bg_pool_op3_500.png
bg_pool_op2,【背景】屋内プール 重ねパーツ02,屋内プールの背景素材用、プールサイドの重ねパーツです。に重ねて使うことで、手前にプールサイドを作ることが出来ます。画像をダウンロード,https://erostock.net/sozai/bg_pool_op2,https://erostock.net/wp-content/uploads/2019/11/bg_pool_op2_500.png
bg_pool_op1,【背景】屋内プール 重ねパーツ01,屋内プールの背景素材用、水面の重ねパーツです。に重ねて使うことで、キャラクターをプールに入れることが出来ます。画像をダウンロード,https://erostock.net/sozai/bg_pool_op1,https://erostock.net/wp-content/uploads/2019/11/bg_pool_op1_500.png
bg_pool,【背景】屋内プール,屋内プールの背景素材です。、重ねパーツ02、重ねパーツ03を重ねて使えば、キャラクターをプールに入れたり、プールサイドを作ったり、マットやチェアを置く事ができます。画像をダウンロード,https://erostock.net/sozai/bg_pool,https://erostock.net/wp-content/uploads/2019/11/bg_pool_500.png
bg_yomichi_w,【背景】住宅街の夜道で驚く女性,住宅街の夜道で女性が何かに驚いている状況の背景素材です。,https://erostock.net/sozai/bg_yomichi_w,https://erostock.net/wp-content/uploads/2019/10/bg_yomichi_w_500.png
bg_yomichi_m,【背景】住宅街の夜道で驚く男性,住宅街の夜道で男性が何かに驚いている状況の背景素材です。,https://erostock.net/sozai/bg_yomichi_m,https://erostock.net/wp-content/uploads/2019/10/bg_yomichi_m_500.png
bg_yomichi,【背景】住宅街の夜道,夜の住宅街にある道路の背景素材です。,https://erostock.net/sozai/bg_yomichi,https://erostock.net/wp-content/uploads/2019/10/bg_yomichi_500.png
mosaic09,モザイク09（モノクロ濃度：高）,濃度が高めな白黒のモザイクパターンのパーツです。（修正・ぼかし）,https://erostock.net/sozai/mosaic09,https://erostock.net/wp-content/uploads/2019/08/mosaic09_500.png
mosaic08,モザイク08（モノクロ濃度：中）,濃度が中くらいの白黒モザイクパターンのパーツです。（修正・ぼかし）,https://erostock.net/sozai/mosaic08,https://erostock.net/wp-content/uploads/2019/08/mosaic08_500.png
mosaic07,モザイク07（モノクロ濃度：低）,濃度が低めな白黒のモザイクパターンのパーツです。（修正・ぼかし）,https://erostock.net/sozai/mosaic07,https://erostock.net/wp-content/uploads/2019/08/mosaic07_500.png
mosaic06,モザイク06（濃度：高）,濃度が高めな焦げ茶色のモザイクパターンのパーツです。（修正・ぼかし）,https://erostock.net/sozai/mosaic06,https://erostock.net/wp-content/uploads/2019/08/mosaic06_500.png
mosaic05,モザイク05（濃度：高）,濃度が高めな茶色のモザイクパターンのパーツです。（修正・ぼかし）,https://erostock.net/sozai/mosaic05,https://erostock.net/wp-content/uploads/2019/08/mosaic05_500.png
mosaic04,モザイク04（濃度：中）,濃度が中〜少し濃いくらいの肌色のモザイクパターンのパーツです。（修正・ぼかし）,https://erostock.net/sozai/mosaic04,https://erostock.net/wp-content/uploads/2019/08/mosaic04_500.png
mosaic03,モザイク03（濃度：中）,濃度が中くらいの肌色のモザイクパターンのパーツです。（修正・ぼかし）,https://erostock.net/sozai/mosaic03,https://erostock.net/wp-content/uploads/2019/08/mosaic03_500.png
mosaic02,モザイク02（濃度：低）,濃度が低めな少し明るい肌色のモザイクパターンのパーツです。（修正・ぼかし）,https://erostock.net/sozai/mosaic02,https://erostock.net/wp-content/uploads/2019/08/mosaic02_500.png
mosaic01,モザイク01（濃度：低）,濃度が低い明るめな肌色のモザイクパターンのパーツです。（修正・ぼかし）,https://erostock.net/sozai/mosaic01,https://erostock.net/wp-content/uploads/2019/08/mosaic01_500.png
face_oj09,おじさんの色んな表情（変態）,いやらしいことを考えていたりアヘ顔になっているおじさんの表情パーツです。,https://erostock.net/sozai/face_oj09,https://erostock.net/wp-content/uploads/2019/08/face_oj09_500.png
face_oj08,おじさんの色んな表情（恍惚）,気持ちよくて恥ずかしがったりオーガズムを感じているおじさんの表情パーツです。（うっとり・イキ顔）,https://erostock.net/sozai/face_oj08,https://erostock.net/wp-content/uploads/2019/08/face_oj08_500.png
face_oj07,おじさんの色んな表情（赤面）,照れていたり恥ずかしがってドキドキしているおじさんの表情パーツです。,https://erostock.net/sozai/face_oj07,https://erostock.net/wp-content/uploads/2019/08/face_oj07_500.png
face_oj06,おじさんの色んな表情（無表情）,興味がなさそうだったり眠っていたり死んだような目をしているおじさんの表情パーツです。,https://erostock.net/sozai/face_oj06,https://erostock.net/wp-content/uploads/2019/08/face_oj06_500.png
face_oj05,おじさんの色んな表情（怒り）,不満だったりムッとしていたり怒っているおじさんの表情パーツです。,https://erostock.net/sozai/face_oj05,https://erostock.net/wp-content/uploads/2019/08/face_oj05_500.png
face_oj04,おじさんの色んな表情（悲しみ）,落ち込んでいたり悲しんでいたり涙を流して泣いているおじさんの表情パーツです。,https://erostock.net/sozai/face_oj04,https://erostock.net/wp-content/uploads/2019/08/face_oj04_500.png
face_oj03,おじさんの色んな表情（驚き）,何かに気づいたり焦っていたり驚いているおじさんの表情パーツです。,https://erostock.net/sozai/face_oj03,https://erostock.net/wp-content/uploads/2019/08/face_oj03_500.png
face_oj02,おじさんの色んな表情（キメ顔）,カッコつけていたりイケメンっぽくキラッとしているおじさんの表情パーツです。,https://erostock.net/sozai/face_oj02,https://erostock.net/wp-content/uploads/2019/08/face_oj02_500.png
face_oj01,おじさんの色んな表情（笑顔）,笑っていたり喜んでいたりハート目だったり目を輝かせているおじさんの表情パーツです。,https://erostock.net/sozai/face_oj01,https://erostock.net/wp-content/uploads/2019/08/face_oj01_500.png
face_m09,男性の色んな表情（変態）,いやらしいことを考えていたりアヘ顔になっている男性の表情パーツです。,https://erostock.net/sozai/face_m09,https://erostock.net/wp-content/uploads/2019/08/face_m09_500.png
face_m08,男性の色んな表情（恍惚）,気持ちよくて恥ずかしがったりオーガズムを感じている男性の表情パーツです。（うっとり・イキ顔）,https://erostock.net/sozai/face_m08,https://erostock.net/wp-content/uploads/2019/08/face_m08_500.png
face_m07,男性の色んな表情（赤面）,照れていたり恥ずかしがってドキドキしている男性の表情パーツです。,https://erostock.net/sozai/face_m07,https://erostock.net/wp-content/uploads/2019/08/face_m07_500.png
face_m06,男性の色んな表情（無表情）,興味がなさそうだったり眠っていたり死んだような目をしている男性の表情パーツです。,https://erostock.net/sozai/face_m06,https://erostock.net/wp-content/uploads/2019/08/face_m06_500.png
face_m05,男性の色んな表情（怒り）,不満だったりムッとしていたり怒っている男性の表情パーツです。,https://erostock.net/sozai/face_m05,https://erostock.net/wp-content/uploads/2019/08/face_m05_500.png
face_m04,男性の色んな表情（悲しみ）,落ち込んでいたり悲しんでいたり涙を流して泣いている男性の表情パーツです。,https://erostock.net/sozai/face_m04,https://erostock.net/wp-content/uploads/2019/08/face_m04_500.png
face_m03,男性の色んな表情（驚き）,何かに気づいたり焦っていたり驚いている男性の表情パーツです。,https://erostock.net/sozai/face_m03,https://erostock.net/wp-content/uploads/2019/08/face_m03_500.png
face_m02,男性の色んな表情（キメ顔）,カッコつけていたりイケメンっぽくキラッとしている男性の表情パーツです。,https://erostock.net/sozai/face_m02,https://erostock.net/wp-content/uploads/2019/07/face_m02_500.png
face_m01,男性の色んな表情（笑顔）,笑っていたり喜んでいたりハート目だったり目を輝かせている男性の表情パーツです。,https://erostock.net/sozai/face_m01,https://erostock.net/wp-content/uploads/2019/07/face_m01_500.png
face_w09,女性の色んな表情（変態）,いやらしいことを考えていたりアヘ顔になっている女性の表情パーツです。,https://erostock.net/sozai/face_w09,https://erostock.net/wp-content/uploads/2019/07/face_w09_500.png
face_w08,女性の色んな表情（恍惚）,気持ちよくて恥ずかしがったりオーガズムを感じている女性の表情パーツです。（うっとり・イキ顔）,https://erostock.net/sozai/face_w08,https://erostock.net/wp-content/uploads/2019/07/face_w08_500.png
face_w07,女性の色んな表情（赤面）,照れていたり恥ずかしがってドキドキしている女性の表情パーツです。,https://erostock.net/sozai/face_w07,https://erostock.net/wp-content/uploads/2019/07/face_w07_500.png
face_w06,女性の色んな表情（無表情）,興味がなさそうだったり眠っていたり死んだような目をしている女性の表情パーツです。,https://erostock.net/sozai/face_w06,https://erostock.net/wp-content/uploads/2019/07/face_w06_500.png
face_w05,女性の色んな表情（怒り）,不満だったりムッとしていたり怒っている女性の表情パーツです。,https://erostock.net/sozai/face_w05,https://erostock.net/wp-content/uploads/2019/07/face_w05_500.png
face_w04,女性の色んな表情（悲しみ）,落ち込んでいたり悲しんでいたり涙を流して泣いている女性の表情パーツです。,https://erostock.net/sozai/face_w04,https://erostock.net/wp-content/uploads/2019/07/face_w04_500.png
face_w03,女性の色んな表情（驚き）,何かに気づいたり焦っていたり驚いている女性の表情パーツです。,https://erostock.net/sozai/face_w03,https://erostock.net/wp-content/uploads/2019/07/face_w03_500.png
face_w02,女性の色んな表情（キメ顔）,かわい子ぶったていたり美人っぽくキラッとしている女性の表情パーツです。,https://erostock.net/sozai/face_w02,https://erostock.net/wp-content/uploads/2019/07/face_w02_500.png
face_w01,女性の色んな表情（笑顔）,笑っていたり喜んでいたりハート目だったり目を輝かせている女性の表情パーツです。,https://erostock.net/sozai/face_w01,https://erostock.net/wp-content/uploads/2019/07/face_w01_500.png
sexy_pose_w02,セクシーポーズをする女性02,セクシーなポーズをする女性のエロストです。,https://erostock.net/sozai/sexy_pose_w02,https://erostock.net/wp-content/uploads/2019/07/sexy_pose_w02_500.png
shokushu-w_re,触手に捕まった女性（改）,ウネウネ動く謎の触手に捕まってしまった全裸女性（改）のエロストです。,https://erostock.net/sozai/shokushu-w_re,https://erostock.net/wp-content/uploads/2019/06/shokushu-w_re_500.png
hadaka-apron_re,裸エプロンの女性（改）,エプロンだけを身につけた女性（改）のエロストです。,https://erostock.net/sozai/hadaka-apron_re,https://erostock.net/wp-content/uploads/2019/06/hadaka-apron_re_500.png
point-woman_re,人差し指を立てる女性（改）,人差し指を立ててポイントを説明するような女性（改）のエロストです。,https://erostock.net/sozai/point-woman_re,https://erostock.net/wp-content/uploads/2019/06/point-woman_re_500.png
grad-woman_re,元気な女性（改）,握りこぶしを上げるハツラツとした全裸の女性（改）のエロストです。,https://erostock.net/sozai/grad-woman_re,https://erostock.net/wp-content/uploads/2019/06/grad-woman_re_500.png
side_wxw_re,側位 女性と女性（改）,ペニバンを付けて股挟み側位で絡む、女性２人（改）のエロストです。,https://erostock.net/sozai/side_wxw_re,https://erostock.net/wp-content/uploads/2019/06/side_wxw_re_500.png
side_omxw_re,側位 おじさんと女性（改）,股挟み側位で絡むおじさんと女性（改）のエロストです。,https://erostock.net/sozai/side_omxw_re,https://erostock.net/wp-content/uploads/2019/06/side_omxw_re_500.png
nomal_wxom_re,正常位 おじさんと女性（改）,正常位で絡むおじさんと女性（改）のエロストです。,https://erostock.net/sozai/nomal_wxom_re,https://erostock.net/wp-content/uploads/2019/06/nomal_wxom_re_500.png
back_wxom_re,後背位 おじさんと女性（改）,後背位（バック）で絡むおじさんと女性（改）のエロストです。,https://erostock.net/sozai/back_wxom_re,https://erostock.net/wp-content/uploads/2019/06/back_wxom_re_500.png
back_wxm2_re,後背位 男性と女性（真顔・改）,後背位（バック）で絡む男性と女性（真顔・改）のエロストです。,https://erostock.net/sozai/back_wxm2_re,https://erostock.net/wp-content/uploads/2019/06/back_wxm2_re_500.png
side_mxw_re,側位 男性と女性（改）,股挟み側位で絡む男性と女性（改）のエロストです。,https://erostock.net/sozai/side_mxw_re,https://erostock.net/wp-content/uploads/2019/06/side_mxw_re_500.png
back_wxm_re,後背位 男性と女性（改）,後背位（バック）で絡む男性と女性（改）のエロストです。,https://erostock.net/sozai/back_wxm_re,https://erostock.net/wp-content/uploads/2019/06/back_wxm_re_500.png
cg_wxm_re,騎乗位 女性（改）と男性,騎乗位で絡む女性（改）と男性のエロストです。,https://erostock.net/sozai/cg_wxm_re,https://erostock.net/wp-content/uploads/2019/06/cg_wxm_re_500.png
nomal_wxm_re,正常位 男性と女性（改）,正常位で絡む男性と女性（改）のエロストです。,https://erostock.net/sozai/nomal_wxm_re,https://erostock.net/wp-content/uploads/2019/06/nomal_wxm_re_500.png
takushi-woman_re,たくしあげる女性（改）,ワンピースの裾をたくしあげる女性（改）のエロストです。,https://erostock.net/sozai/takushi-woman_re,https://erostock.net/wp-content/uploads/2019/06/takushi-woman_re_500.png
naked_woman_re,全裸の女性 立ち絵（改）,一糸まとわぬ姿で立つ女性（改）のエロストです。,https://erostock.net/sozai/naked_woman_re,https://erostock.net/wp-content/uploads/2019/06/naked_woman_re_500.png
bunny_girl_re,バニーガール（改）,うさぎの耳を付けたバニーガール姿の女性（改）のエロストです。,https://erostock.net/sozai/bunny_girl_re,https://erostock.net/wp-content/uploads/2019/06/bunny_girl_re_500.png
heart01,ピンクの大小ハート,シンプルな大小二つのピンクハートのパーツです。,https://erostock.net/sozai/heart01,https://erostock.net/wp-content/uploads/2019/05/heart01_500.png
dildo,ディルド,金玉付きの肌色のディルド（男性器・陰茎を型どった器具）のエロストです。,https://erostock.net/sozai/dildo,https://erostock.net/wp-content/uploads/2019/05/dildo_500.png
reiwa_peni,令和とペニーくん,新元号「令和」が書かれた額を掲げているペニーくんのエロストです。,https://erostock.net/sozai/reiwa_peni,https://erostock.net/wp-content/uploads/2019/04/reiwa_peni_500.png
reiwa_w02,令和の額を持つ全裸の女性,新元号「令和」が書かれた額を持って横たわる全裸の女性のエロストです。,https://erostock.net/sozai/reiwa_w02,https://erostock.net/wp-content/uploads/2019/04/reiwa_w02_500.png
reiwa_w01,令和の額を持つ水着の女性,新元号「令和」が書かれた額を掲げているピンクの水着（下着）の女性のエロストです。,https://erostock.net/sozai/reiwa_w01,https://erostock.net/wp-content/uploads/2019/04/reiwa_w01_500.png
reiwa_m,令和の額を持つ全裸の男性,新元号「令和」が書かれた額を持って全裸でV字開脚をする男性のエロストです。,https://erostock.net/sozai/reiwa_m,https://erostock.net/wp-content/uploads/2019/04/reiwa_m_500.png
reiwa_oj,令和の額を持つ全裸おじさん,新元号「令和」が書かれた額を掲げている全裸のおじさんのエロストです。,https://erostock.net/sozai/reiwa_oj,https://erostock.net/wp-content/uploads/2019/04/reiwa_oj_500.png
open-raccoon,おっぴろげタヌキ,股を全開にしてくつろいでいる、ドデカい金玉を持ったオスたぬき（狸）のエロストです。,https://erostock.net/sozai/open-raccoon,https://erostock.net/wp-content/uploads/2019/04/open-raccoon_500.png
peni-pero2,ペロペロペニーくん2,口の中に頭を突っ込まれているペニー君のエロストです。,https://erostock.net/sozai/peni-pero2,https://erostock.net/wp-content/uploads/2019/02/peni-pero2_500.png
peni-pero,ペロペロペニーくん,ペロペロと舌で舐められているペニー君のエロストです。,https://erostock.net/sozai/peni-pero,https://erostock.net/wp-content/uploads/2019/02/peni-pero_500.png
hip-up_oni-girl,お尻を突き上げる鬼ガール,お尻を上に突き上げている鬼娘のエロストです。,https://erostock.net/sozai/hip-up_oni-girl,https://erostock.net/wp-content/uploads/2019/02/hip-up_oni-girl_500.png
swimsuit-muffler,水着マフラー,水着姿にマフラーを身につけている女性のエロストです。,https://erostock.net/sozai/swimsuit-muffler,https://erostock.net/wp-content/uploads/2019/01/swimsuit-muffler_500.png
bg_heaven,【背景】ヘブン状態,感情の昂り・興奮・快感・オーガスム・恍惚・ハイな状態などを表現出来そうな、キラキラレインボーな背景素材です。,https://erostock.net/sozai/bg_heaven,https://erostock.net/wp-content/uploads/2019/01/bg_heaven_500.png
hip-up_boar,お尻を突き上げるメスのイノシシ,お尻を上に突き上げている雌の猪のエロストです。,https://erostock.net/sozai/hip-up_boar,https://erostock.net/wp-content/uploads/2018/12/hip-up_boar_500.png
paco_boar,腰を振るオスのイノシシ,強すぎる愛情のあまり、つい腰を激しく振ってしまう雄の猪のエロストです。,https://erostock.net/sozai/paco_boar,https://erostock.net/wp-content/uploads/2018/12/paco_boar_500.png
zombie-fuck02,ゾンビ姦02,後背位（バック）で絡むゾンビおじさんと女性のエロストです。,https://erostock.net/sozai/zombie-fuck02,https://erostock.net/wp-content/uploads/2018/12/zombie-fuck02_500.png
ero-eshi_w,エロ絵師（女性）,パソコンを使ってエッチなイラストを描いている女性イラストレーター（絵描き）のエロストです。,https://erostock.net/sozai/ero-eshi_w,https://erostock.net/wp-content/uploads/2018/11/ero-eshi_w_500.png
ero-eshi_m,エロ絵師（男性）,パソコンを使ってエッチなイラストを描いている男性イラストレーター（絵描き）のエロストです。,https://erostock.net/sozai/ero-eshi_m,https://erostock.net/wp-content/uploads/2018/11/ero-eshi_m_500.png
camera-crew02,カメラクルー（笑顔）,笑顔で撮影をしているスタッフ（カメラマン・音声スタッフ・レフ板を持つスタッフ）のイラストです。,https://erostock.net/sozai/camera-crew02,https://erostock.net/wp-content/uploads/2018/11/camera-crew02_500.png
camera-crew01,カメラクルー,撮影をしているスタッフ（カメラマン・音声スタッフ・レフ板を持つスタッフ）のイラストです。,https://erostock.net/sozai/camera-crew01,https://erostock.net/wp-content/uploads/2018/11/camera-crew01_500.png
hip-up_pig,お尻を突き上げるメスのブタ,お尻を上に突き上げている雌の豚のエロストです。,https://erostock.net/sozai/hip-up_pig,https://erostock.net/wp-content/uploads/2018/11/hip-up_pig_500.png
paco_pig,腰を振るオスのブタ,強すぎる愛情のあまり、つい腰を激しく振ってしまう雄の豚のエロストです。,https://erostock.net/sozai/paco_pig,https://erostock.net/wp-content/uploads/2018/11/paco_pig_500.png
zombie-oj,ゾンビおじさん,フルボッキ中に変わってしまったゾンビおじさんのエロストです。,https://erostock.net/sozai/zombie-oj,https://erostock.net/wp-content/uploads/2018/10/zombie-oj_500.png
zombie-fuck,ゾンビ姦,後背位（バック）で絡むおじさんとゾンビ女性のエロストです。,https://erostock.net/sozai/zombie-fuck,https://erostock.net/wp-content/uploads/2018/10/zombie-fuck_500.png
zombie-girl,ゾンビガール,無駄に露出度の高い女性ゾンビのエロストです。,https://erostock.net/sozai/zombie-girl,https://erostock.net/wp-content/uploads/2018/10/zombie-girl_500.png
mini-skirt_jk,ミニスカートの女子高生,パンツが見えてしまいそうなくらい短いスカートを履いている女子高生のエロストです。,https://erostock.net/sozai/mini-skirt_jk,https://erostock.net/wp-content/uploads/2018/10/mini-skirt_JK_500.png
kabutoawase,兜合わせ,おちんちんの亀頭をピッタリとくっつけ合う男性２人のエロストです。,https://erostock.net/sozai/kabutoawase,https://erostock.net/wp-content/uploads/2018/10/kabutoawase_500.png
cameko04,カメラ小僧04,しゃがんでカメラを構えるカメコ（カメラ小僧）のエロストです。,https://erostock.net/sozai/cameko04,https://erostock.net/wp-content/uploads/2018/10/cameko04_500.png
cameko03,カメラ小僧03,寝そべりながらカメラを構えるカメコ（カメラ小僧）のエロストです。,https://erostock.net/sozai/cameko03,https://erostock.net/wp-content/uploads/2018/10/cameko03_500.png
cameko02,カメラ小僧02,可能な限り低い位置でカメラを構えるカメコ（カメラ小僧）のエロストです。,https://erostock.net/sozai/cameko02,https://erostock.net/wp-content/uploads/2018/10/cameko02_500.png
cameko01,カメラ小僧01,しゃがんでカメラを構えるカメコ（カメラ小僧）のエロストです。,https://erostock.net/sozai/cameko01,https://erostock.net/wp-content/uploads/2018/10/cameko01_500.png
bg_cameko2,【背景】撮影会 改,カメコ（カメラ小僧）達に囲まれる撮影会の背景素材です。奥にいるカメコ達に少しボカシを入れています。,https://erostock.net/sozai/bg_cameko2,https://erostock.net/wp-content/uploads/2018/10/bg_cameko2_500.png
back_gpxgm,後背位 おじいさんとおばあさん,後背位（バック）で絡む老人と老婆のエロストです。,https://erostock.net/sozai/back_gpxgm,https://erostock.net/wp-content/uploads/2018/09/back_gpxgm_500.png
naked_grandpa,全裸のおじいさん 立ち絵,一糸まとわぬ姿で立つ、老人男性のエロストです。,https://erostock.net/sozai/naked_grandpa,https://erostock.net/wp-content/uploads/2018/09/naked_grandpa_500.png
naked_grandma,全裸のおばあさん 立ち絵,一糸まとわぬ姿で立つ、老婆のエロストです。,https://erostock.net/sozai/naked_grandma,https://erostock.net/wp-content/uploads/2018/09/naked_grandma_500.png
red-candle2,蝋がしたたる赤いローソク,溶けた蝋がしたたっている、太くて真っ赤なローソクのエロストです。,https://erostock.net/sozai/red-candle2,https://erostock.net/wp-content/uploads/2018/09/red-candle2_500.png
red-candle1,火のついた赤いローソク,火が灯っている、太くて真っ赤なローソクのエロストです。,https://erostock.net/sozai/red-candle1,https://erostock.net/wp-content/uploads/2018/09/red-candle1_500.png
domina_candle,蝋をたらす女王様,手に持った赤いローソクから蝋を垂らしている女王様のエロストです。,https://erostock.net/sozai/domina_candle,https://erostock.net/wp-content/uploads/2018/09/domina_candle_500.png
effect_hit,トゲトゲエフェクト,衝撃やびっくりしたさま（気付き線）をイメージしたトゲトゲのエフェクトパーツです。,https://erostock.net/sozai/effect_hit,https://erostock.net/wp-content/uploads/2018/09/effect_hit_500.png
domina_hit,鞭を振るう女王様,ムチを無慈悲に振り下ろし打ち付ける女王様のエロストです。,https://erostock.net/sozai/domina_hit,https://erostock.net/wp-content/uploads/2018/09/domina_hit_500.png
cyber-iguana,【コラボ】勃起するサイバーイグアナ,サイバーイグアナ × エロストックのコラボ素材！イキリたった凶悪な勃起ちんこを露わにしている変態トカゲことサイバーイグアナのエロストです。サイバーイグアナコラボ特集ページサイバーイグアナ氏のTwitter,https://erostock.net/sozai/cyber-iguana,https://erostock.net/wp-content/uploads/2018/09/cyber-iguana_500.png
paco_cyber-iguana,【コラボ】腰を振るサイバーイグアナ,サイバーイグアナ × エロストックのコラボ素材！強すぎる愛情のあまり、つい腰を激しく振ってしまうサイバーイグアナのエロストです。サイバーイグアナコラボ特集ページサイバーイグアナ氏のTwitter,https://erostock.net/sozai/paco_cyber-iguana,https://erostock.net/wp-content/uploads/2018/09/paco_cyber-iguana_500.png
hip-up_cyber-iguana1,【コラボ】お尻を突き上げるサイバーイグアナ,サイバーイグアナ × エロストックのコラボ素材！お尻を上に突き上げているサイバーイグアナのエロストです。サイバーイグアナコラボ特集ページサイバーイグアナ氏のTwitter,https://erostock.net/sozai/hip-up_cyber-iguana1,https://erostock.net/wp-content/uploads/2018/08/hip-up_cyber-iguana1_500.png
hip-up_cyber-iguana2,【コラボ】お尻を突き上げるイグアナおじさん,サイバーイグアナ × エロストックのコラボ素材！お尻を上に突き上げているイグアナおじさんのエロストです。サイバーイグアナコラボ特集ページサイバーイグアナ氏のTwitter,https://erostock.net/sozai/hip-up_cyber-iguana2,https://erostock.net/wp-content/uploads/2018/08/hip-up_cyber-iguana2_500.png
paco_holstein,【コラボ】腰を振るオスのホルスタイン,サイバーイグアナ × エロストックのコラボ素材！強すぎる愛情のあまり、つい腰を激しく振ってしまう雄のホルスタインのエロストです。サイバーイグアナコラボ特集ページサイバーイグアナ氏のTwitter,https://erostock.net/sozai/paco_holstein,https://erostock.net/wp-content/uploads/2018/08/paco_holstein_500.png
hip-up_holstein,【コラボ】お尻を突き上げるメスのホルスタイン,サイバーイグアナ × エロストックのコラボ素材！お尻を上に突き上げている雌のホルスタインのエロストです。サイバーイグアナコラボ特集ページサイバーイグアナ氏のTwitter,https://erostock.net/sozai/hip-up_holstein,https://erostock.net/wp-content/uploads/2018/08/hip-up_holstein_500.png
spawning1,【コラボ】産卵される謎のタマゴ,サイバーイグアナ × エロストックのコラボ素材！何かによって勢いよく産み落とされる、体液にまみれたタマゴのエロストです。サイバーイグアナコラボ特集ページサイバーイグアナ氏のTwitter,https://erostock.net/sozai/spawning1,https://erostock.net/wp-content/uploads/2018/08/spawning1_500.png
spawning2,【コラボ】産卵された謎のタマゴ,サイバーイグアナ × エロストックのコラボ素材！何かによって産み落とされたばかりの、体液にまみれたタマゴのエロストです。サイバーイグアナコラボ特集ページサイバーイグアナ氏のTwitter,https://erostock.net/sozai/spawning2,https://erostock.net/wp-content/uploads/2018/08/spawning2_500.png
dolphin_in_heat,発情イルカ,欲求不満で今にも何かをやらかしそうな、発情したオスのイルカのエロストです。,https://erostock.net/sozai/dolphin_in_heat,https://erostock.net/wp-content/uploads/2018/09/dolphin_in_heat_500.png
nopan-shikyu,ノーパン始球式,パンツを履かずに始球式に臨む女性のエロストです。,https://erostock.net/sozai/nopan-shikyu,https://erostock.net/wp-content/uploads/2018/08/nopan-shikyu_500.png
nopan-shikyu_nb,ノーパン始球式（背景無し）,パンツを履かずに始球式に臨む女性のエロストです。,https://erostock.net/sozai/nopan-shikyu_nb,https://erostock.net/wp-content/uploads/2018/08/nopan-shikyu_nb_500.png
bg_cameko,【背景】撮影会,カメコ（カメラ小僧）達に囲まれる撮影会の背景素材です。,https://erostock.net/sozai/bg_cameko,https://erostock.net/wp-content/uploads/2018/10/bg_cameko_500.png
otaku_walk,歩くヲタクな男性,エッチなグッズを持って歩いているオタク風な男性のエロストです。,https://erostock.net/sozai/otaku_walk,https://erostock.net/wp-content/uploads/2018/08/otaku_walk_500.png
ero-dojin,エロマンガ同人誌,エッチな漫画が描いてある薄い本のエロストです。,https://erostock.net/sozai/ero-dojin,https://erostock.net/wp-content/uploads/2018/08/ero-dojin_500.png
otaku_dash,走るヲタクな男性,エッチなイラストのTシャツを着て走るオタク風な男性のエロストです。,https://erostock.net/sozai/otaku_dash,https://erostock.net/wp-content/uploads/2018/08/otaku_dash_500.png
sling-bikini_om,スリングビキニのおじさん,スリングショット、ブラジル水着とも呼ばれる、もはや紐のような水着を着ているおじさんのエロストです。,https://erostock.net/sozai/sling-bikini_om,https://erostock.net/wp-content/uploads/2018/08/sling-bikini_om_500.png
sling-bikini_w,スリングビキニの女性,スリングショット、ブラジル水着とも呼ばれる、もはや紐のような水着を着ている女性のエロストです。,https://erostock.net/sozai/sling-bikini_w,https://erostock.net/wp-content/uploads/2018/08/sling-bikini_w_500.png
bikini_w,白いビキニの女性,白いビキニを着た女性のエロストです。,https://erostock.net/sozai/bikini_w,https://erostock.net/wp-content/uploads/2018/08/bikini_w_500.png
fukidashi_uniw,ラブリーな妄想をする学生服の女性,ハートのモクモク吹き出しでラブリーな想像をしている学生服を着た女性のエロストです。,https://erostock.net/sozai/fukidashi_uniw,https://erostock.net/wp-content/uploads/2018/08/fukidashi_uniw_500.png
fukidashi_unim,ラブリーな妄想をする学生服の男性,ハートのモクモク吹き出しでラブリーな想像をしている学生服を着た男性のエロストです。,https://erostock.net/sozai/fukidashi_unim,https://erostock.net/wp-content/uploads/2018/08/fukidashi_unim_500.png
fukidashi_lovely,ラブリー妄想吹き出しパーツ,ラブリーな想像をしていそうな、ハートが付いたモクモク吹き出しのパーツです。,https://erostock.net/sozai/fukidashi_lovely,https://erostock.net/wp-content/uploads/2018/08/fukidashi_lovely_500.png
paco_pbw_off,腰を振るペニバンの女性（棒無し）,強すぎる愛情のあまり、つい腰を激しく振ってしまうペニスバンドを付けている女性のエロストです。,https://erostock.net/sozai/paco_pbw_off,https://erostock.net/wp-content/uploads/2018/07/paco_pbw_off_500.png
paco_pbw_on,腰を振るペニバンの女性（棒付き）,強すぎる愛情のあまり、つい腰を激しく振ってしまうペニスバンドを付けている女性のエロストです。,https://erostock.net/sozai/paco_pbw_on,https://erostock.net/wp-content/uploads/2018/07/paco_pbw_on_500.png
hip-up_mm,お尻を突き上げるマッチョな男性,お尻を上に突き上げている筋肉質な男性のエロストです。,https://erostock.net/sozai/hip-up_mm,https://erostock.net/wp-content/uploads/2018/07/hip-up_mm_500.png
toilet-ona_w,トイレオナニーの女性,トイレでオナニーをする全裸の女性のエロストです。,https://erostock.net/sozai/toilet-ona_w,https://erostock.net/wp-content/uploads/2018/07/toilet-ona_w_500.png
toilet-ona_uniw,トイレオナニーの女子学生,トイレでこっそりオナニーをする学生服の女性のエロストです。,https://erostock.net/sozai/toilet-ona_uniw,https://erostock.net/wp-content/uploads/2018/07/toilet-ona_uniw_500.png
toilet-ona_m,トイレオナニーの男性,トイレでオナニーをする全裸の男性のエロストです。,https://erostock.net/sozai/toilet-ona_m,https://erostock.net/wp-content/uploads/2018/07/toilet-ona_m_500.png
toilet-ona_unim,トイレオナニーの男子学生,トイレでこっそりオナニーをする学生服の男性のエロストです。,https://erostock.net/sozai/toilet-ona_unim,https://erostock.net/wp-content/uploads/2018/07/toilet-ona_unim_500.png
paco_mm,腰を振るマッチョな男性,強すぎる愛情のあまり、つい腰を激しく振ってしまう筋肉質な男性のエロストです。,https://erostock.net/sozai/paco_mm,https://erostock.net/wp-content/uploads/2018/07/paco_mm_500.png
bg_beach03,【背景】夏のビーチ03（無人）,砂浜が広がる無人の海岸の背景素材です。を重ねて使えば、ビーチチェアを置いたりキャラクターを海に入れる事ができます。画像をダウンロード,https://erostock.net/sozai/bg_beach03,https://erostock.net/wp-content/uploads/2018/07/bg_beach03_500.png
bg_beach02,【背景】夏のビーチ02（ヌード）,砂浜で遊んでいる全裸の人たちがいる海岸（ヌーディストビーチ）の背景素材です。を重ねて使えば、ビーチチェアを置いたりキャラクターを海に入れる事ができます。画像をダウンロード,https://erostock.net/sozai/bg_beach02,https://erostock.net/wp-content/uploads/2018/07/bg_beach02_500.png
bg_beach01,【背景】夏のビーチ01,砂浜で遊んでいる水着の人たちがいる海岸の背景素材です。を重ねて使えば、ビーチチェアを置いたりキャラクターを海に入れる事ができます。画像をダウンロード,https://erostock.net/sozai/bg_beach01,https://erostock.net/wp-content/uploads/2018/07/bg_beach01_500.png
bg_beach_kasane,【背景】夏のビーチ 重ねパーツ,夏のビーチの背景素材、重ねパーツです。、02、03に重ねてご使用ください。画像をダウンロード,https://erostock.net/sozai/bg_beach_kasane,https://erostock.net/wp-content/uploads/2018/07/bg_beach_kasane_500.png
hip-up_ob,お尻を突き上げるおばさん,お尻を上に突き上げているおばさんのエロストです。,https://erostock.net/sozai/hip-up_ob,https://erostock.net/wp-content/uploads/2018/07/hip-up_ob_500.png
hip-up_fatw,お尻を突き上げるぽっちゃり女性,お尻を上に突き上げている太めの女性のエロストです。,https://erostock.net/sozai/hip-up_fatw,https://erostock.net/wp-content/uploads/2018/07/hip-up_fatw_500.png
hip-up_dbm,お尻を突き上げる太めの男性,お尻を上に突き上げている太めの男性のエロストです。,https://erostock.net/sozai/hip-up_dbm,https://erostock.net/wp-content/uploads/2018/07/hip-up_dbm_500.png
paco_dbm,腰を振る太めの男性,強すぎる愛情のあまり、つい腰を激しく振ってしまう太めな男性のエロストです。,https://erostock.net/sozai/paco_dbm,https://erostock.net/wp-content/uploads/2018/07/paco_dbm_500.png
bg_universe,【背景】宇宙空間,宇宙空間的な背景素材です。,https://erostock.net/sozai/bg_universe,https://erostock.net/wp-content/uploads/2018/07/bg_universe_500.png
hip-up_tricera,お尻を突き上げるメスの恐竜,お尻を上に突き上げている雌のトリケラトプス的な恐竜のエロストです。,https://erostock.net/sozai/hip-up_tricera,https://erostock.net/wp-content/uploads/2018/07/hip-up_tricera_500.png
paco_tyra,腰を振るオスの恐竜,強すぎる愛情のあまり、つい腰を激しく振ってしまう雄のティラノサウルス的な恐竜のエロストです。,https://erostock.net/sozai/paco_tyra,https://erostock.net/wp-content/uploads/2018/07/paco_tyra_500.png
hip-up_cat,お尻を突き上げるメスのネコ,お尻を上に突き上げている雌の猫のエロストです。,https://erostock.net/sozai/hip-up_cat,https://erostock.net/wp-content/uploads/2018/06/hip-up_cat_500.png
paco_cat,腰を振るオスのネコ,強すぎる愛情のあまり、つい腰を激しく振ってしまう雄の猫のエロストです。,https://erostock.net/sozai/paco_cat,https://erostock.net/wp-content/uploads/2018/06/paco_cat_500.png
hip-up_dog,お尻を突き上げるメスのイヌ,お尻を上に突き上げている雌のプードル的な犬のエロストです。,https://erostock.net/sozai/hip-up_dog,https://erostock.net/wp-content/uploads/2018/06/hip-up_dog_500.png
paco_dog,腰を振るオスのイヌ,強すぎる愛情のあまり、つい腰を激しく振ってしまう雄の柴犬的な犬のエロストです。,https://erostock.net/sozai/paco_dog,https://erostock.net/wp-content/uploads/2018/06/paco_dog_500.png
bg_onsen03,【背景】露天風呂03（無人）,露天風呂の温泉（無人）の背景素材です。を重ねて使えば、キャラクターをお風呂に入れる事ができます。画像をダウンロード,https://erostock.net/sozai/bg_onsen03,https://erostock.net/wp-content/uploads/2018/06/bg_onsen03_500.png
bg_onsen02,【背景】露天風呂02,くつろいでいる女性がいる、露天風呂の温泉の背景素材です。を重ねて使えば、キャラクターをお風呂に入れる事ができます。画像をダウンロード,https://erostock.net/sozai/bg_onsen02,https://erostock.net/wp-content/uploads/2018/06/bg_onsen02_500.png
bg_onsen01,【背景】露天風呂01,何かに驚いている女性がいる、露天風呂の温泉の背景素材です。を重ねて使えば、キャラクターをお風呂に入れる事ができます。画像をダウンロード,https://erostock.net/sozai/bg_onsen01,https://erostock.net/wp-content/uploads/2018/06/bg_onsen01_500.png
bg_onsen_kasane,【背景】露天風呂 重ねパーツ,露天風呂の温泉の背景素材、重ねパーツです。、02、03に重ねてご使用ください。画像をダウンロード,https://erostock.net/sozai/bg_onsen_kasane,https://erostock.net/wp-content/uploads/2018/06/bg_onsen_kasane_500.png
salmon-m,放精するオスの鮭,放精する雄の鮭のエロストです。,https://erostock.net/sozai/salmon-m,https://erostock.net/wp-content/uploads/2018/06/salmon-m_500.png
salmon-f,放卵するメスの鮭,放卵する雌の鮭のエロストです。,https://erostock.net/sozai/salmon-f,https://erostock.net/wp-content/uploads/2018/06/salmon-f_500.png
torori_wh,垂れる白い粘液,トロリと垂れる謎の白い粘液のエロストです。,https://erostock.net/sozai/torori_wh,https://erostock.net/wp-content/uploads/2018/06/torori_wh_500.png
shokushu_parts02,触手パーツ02,弧を描く赤い触手パーツのエロストです。,https://erostock.net/sozai/shokushu_parts02,https://erostock.net/wp-content/uploads/2018/06/shokushu_parts02_500.png
shokushu_parts01,触手パーツ01,S字にうねる赤い触手パーツのエロストです。,https://erostock.net/sozai/shokushu_parts01,https://erostock.net/wp-content/uploads/2018/06/shokushu_parts01_500.png
splash-wh,飛び散る白い液体,白っぽい液体が飛び散るエロストです。,https://erostock.net/sozai/splash-wh,https://erostock.net/wp-content/uploads/2018/06/splash-wh_500.png
hip-up_fox,お尻を突き上げるメスのキツネ,お尻を上に突き上げている雌の狐のエロストです。,https://erostock.net/sozai/hip-up_fox,https://erostock.net/wp-content/uploads/2018/06/hip-up_fox_500.png
paco_fox,腰を振るオスのキツネ,強すぎる愛情のあまり、つい腰を激しく振ってしまう雄の狐のエロストです。,https://erostock.net/sozai/paco_fox,https://erostock.net/wp-content/uploads/2018/06/paco_fox_500.png
sukumizu-om,スク水のおじさん,スクール水着を着ているおじさんのエロストです。,https://erostock.net/sozai/sukumizu-om,https://erostock.net/wp-content/uploads/2018/06/sukumizu-om_500.png
sukumizu-om_nafuda,スク水のおじさん（名札つき）,名札のついたスクール水着を着ているおじさんのエロストです。,https://erostock.net/sozai/sukumizu-om_nafuda,https://erostock.net/wp-content/uploads/2018/06/sukumizu-om_nafuda_500.png
hip-up_sukumizu,お尻を突き上げるスク水の女性,四つん這いになってお尻を上に突き上げている、スクール水着を着た女性のエロストです。,https://erostock.net/sozai/hip-up_sukumizu,https://erostock.net/wp-content/uploads/2018/06/hip-up_sukumizu_500.png
sukumizu,スク水の女性,スクール水着を着ている女性のエロストです。,https://erostock.net/sozai/sukumizu,https://erostock.net/wp-content/uploads/2018/06/sukumizu_500.png
sukumizu-nafuda,スク水の女性（名札付き）,名札のついたスクール水着を着ている女性のエロストです。,https://erostock.net/sozai/sukumizu-nafuda,https://erostock.net/wp-content/uploads/2018/06/sukumizu-nafuda_500.png
massage-omxw03,おじさんにマッサージされる女性3,怪しい手付きのマッサージおじさんにリンパの流れを良くされている女性のエロストです。,https://erostock.net/sozai/massage-omxw03,https://erostock.net/wp-content/uploads/2018/05/massage-omxw03_500.png
massage-omxw02,おじさんにマッサージされる女性2,怪しい手付きのマッサージおじさんにローションを塗られる女性のエロストです。,https://erostock.net/sozai/massage-omxw02,https://erostock.net/wp-content/uploads/2018/05/massage-omxw02_500.png
massage-omxw01,おじさんにマッサージされる女性,怪しい手付きのおじさんにマッサージされる女性のエロストです。,https://erostock.net/sozai/massage-omxw01,https://erostock.net/wp-content/uploads/2018/04/massage-omxw01_500.png
dragon-carsex,ドラゴンカーセックス,自動車に欲情して性行為に及んでしまうオスドラゴンのエロストです。,https://erostock.net/sozai/dragon-carsex,https://erostock.net/wp-content/uploads/2018/04/dragon-carsex_500.png
teman_mxow,男性に手マンされるおばさん,座っている男性に背後から抱きつかれながら手マンされるおばさんのエロストです。,https://erostock.net/sozai/teman_mxow,https://erostock.net/wp-content/uploads/2018/04/teman_mxow_500.png
cunni_mxow,男性にクンニされるおばさん,男性にまんぐり返しされながらクンニされるおばさんのエロストです。,https://erostock.net/sozai/cunni_mxow,https://erostock.net/wp-content/uploads/2018/03/cunni_mxow_500.png
parts_opa,おっぱいパーツ,リアルめタッチな大きめおっぱいのパーツです。,https://erostock.net/sozai/parts_opa,https://erostock.net/wp-content/uploads/2018/03/parts_opa_500.png
parts_deco,デコルテパーツ,リアルめタッチなデコルテ（胸元）のパーツです。,https://erostock.net/sozai/parts_deco,https://erostock.net/wp-content/uploads/2018/03/parts_deco_500.png
onanism-ol,トイレオナニー中のOL,勤務中にトイレでこっそりオナニーをしているOLのエロストです。,https://erostock.net/sozai/onanism-ol,https://erostock.net/wp-content/uploads/2018/03/onanism-ol_500.png
toilet-ol,トイレ中のOL,職場のトイレで用を足しているOLのエロストです。,https://erostock.net/sozai/toilet-ol,https://erostock.net/wp-content/uploads/2018/03/toilet-ol_500.png
amepolice,アメリカンポリスな女性,ミニスカートなアメリカンポリス婦警のエロストです。,https://erostock.net/sozai/amepolice,https://erostock.net/wp-content/uploads/2018/03/amepolice-w_500.png
bg_heart,【背景】ハートまみれ,ハートまみれなピンクの背景素材です。,https://erostock.net/sozai/bg_heart,https://erostock.net/wp-content/uploads/2018/02/bg_heart_500.png
temp-cat-m,誘うオス猫,誘惑しているかのように股を開いて寝転ぶ雄ネコのエロストです。,https://erostock.net/sozai/temp-cat-m,https://erostock.net/wp-content/uploads/2018/02/temp-cat-m_500.png
temp-cat-f-mild,誘うメス猫（マイルド）,誘惑しているかのように股を開いて寝転ぶ三毛ネコのエロストです。（性器・乳描写なしver）,https://erostock.net/sozai/temp-cat-f-mild,https://erostock.net/wp-content/uploads/2018/02/temp-cat-f-mild_500.png
temp-cat-f,誘うメス猫,誘惑しているかのように股を開いて寝転ぶ三毛ネコのエロストです。,https://erostock.net/sozai/temp-cat-f,https://erostock.net/wp-content/uploads/2018/02/temp-cat-f_500.png
peni-smile,にこにこペニーくん,にっこり笑うペニーくんのエロストです。,https://erostock.net/sozai/peni-smile,https://erostock.net/wp-content/uploads/2018/02/peni-smile_500.png
peni-love,ラブラブペニーくん,あふれる愛情のあまりクネクネするペニーくんのエロストです。,https://erostock.net/sozai/peni-love,https://erostock.net/wp-content/uploads/2018/02/peni-love_500.png
peni-kirakira,キラキラペニーくん,目をキラキラさせているペニーくんのエロストです。,https://erostock.net/sozai/peni-kirakira,https://erostock.net/wp-content/uploads/2018/02/peni-kirakira_500.png
peni-grad,やったねペニーくん,嬉しそうで楽しそうなペニーくんのエロストです。,https://erostock.net/sozai/peni-grad,https://erostock.net/wp-content/uploads/2018/02/peni-grad_500.png
peni-boo,ぶーぶーペニーくん,不満そうにブーイングするペニーくんのエロストです。,https://erostock.net/sozai/peni-boo,https://erostock.net/wp-content/uploads/2018/02/peni-boo_500.png
bg_police,【背景】公園のポリスメン,公園で警察官に囲まれる背景素材です。,https://erostock.net/sozai/bg_police,https://erostock.net/wp-content/uploads/2018/02/bg_police_500.png
bg_loveho-bed,【背景】ラブホテルのベッド,ファンシーなラブホテルのベッドの背景素材です。,https://erostock.net/sozai/bg_loveho-bed,https://erostock.net/wp-content/uploads/2018/02/bg_loveho-bed_500.png
bg_bedroom,【背景】寝室のベッド,洋式寝室のベッドの背景素材です。,https://erostock.net/sozai/bg_bedroom,https://erostock.net/wp-content/uploads/2018/02/bg_bedroom_500.png
choco-girl,チョコレートガール,チョコレートソースまみれになっている女性のエロストです。,https://erostock.net/sozai/choco-girl,https://erostock.net/wp-content/uploads/2018/02/choco-girl_500.png
ona-hole,オナホール,筒状のオナニーホールのエロストです。,https://erostock.net/sozai/ona-hole,https://erostock.net/wp-content/uploads/2018/02/ona-hole_500.png
oni-girl,鬼ガール,無駄に露出度の高い鬼娘のエロストです。,https://erostock.net/sozai/oni-girl,https://erostock.net/wp-content/uploads/2018/02/oni-girl_500.png
mudage_om_miss,ムダ毛処理おじさん（失敗）,ちん毛処理に失敗してカミソリ負けをしてしまうパイパンおじさんのエロストです。,https://erostock.net/sozai/mudage_om_miss,https://erostock.net/wp-content/uploads/2018/02/mudage_om_miss_500.png
mudage_om,ムダ毛処理おじさん,ちん毛を処理してパイパンになろうとしているおじさんのエロストです。,https://erostock.net/sozai/mudage_om,https://erostock.net/wp-content/uploads/2018/02/mudage_om_500.png
dog_m,ペットプレイの男性,わんわんごっこをさせられている男性のエロストです。,https://erostock.net/sozai/dog_m,https://erostock.net/wp-content/uploads/2018/01/dog_m_500.png
dog_sbw,ペットプレイの女性,わんわんごっこをさせられている貧乳の女性のエロストです。,https://erostock.net/sozai/dog_sbw,https://erostock.net/wp-content/uploads/2018/01/dog_sbw_500.png
side_wxw,側位 女性と女性,ペニバンを付けて股挟み側位で絡む、女性２人のエロストです。,https://erostock.net/sozai/side_wxw,https://erostock.net/wp-content/uploads/2018/01/side_wxw_500.png
side_wxom,側位 女性とおじさん,股挟み側位で絡む、ペニバンをつけた女性とおじさんのエロストです。,https://erostock.net/sozai/side_wxom,https://erostock.net/wp-content/uploads/2018/01/side_wxom_500.png
peniband,ペニバンを付けている女性,ペニスバンドを付けている女性のエロストです。,https://erostock.net/sozai/peniband,https://erostock.net/wp-content/uploads/2018/01/peniband_500.png
stallion,オスのウマ,楽しそうにいななく牡馬のエロストです。,https://erostock.net/sozai/stallion,https://erostock.net/wp-content/uploads/2018/01/stallion_500.png
uterus-face,子宮（顔あり）,なんだかキュンキュンしている感じの子宮のエロストです。,https://erostock.net/sozai/uterus-face,https://erostock.net/wp-content/uploads/2018/01/uterus-face_500.png
uterus,子宮,子宮のイラストです。,https://erostock.net/sozai/uterus,https://erostock.net/wp-content/uploads/2018/01/uterus_500.png
baby-play_om,赤ちゃんプレイをするおじさん,オムツ替えの赤ちゃんプレイをしているおじさんのエロストです。,https://erostock.net/sozai/baby-play_om,https://erostock.net/wp-content/uploads/2018/01/baby-play_om_500.png
baby-play_m,赤ちゃんプレイをする男性,オムツ替えの赤ちゃんプレイをしている男性のエロストです。,https://erostock.net/sozai/baby-play_m,https://erostock.net/wp-content/uploads/2018/01/baby-play_m_500.png
kaiawase,貝合わせをされる貧乳の女性,ボディタッチの多いお姉さんに貝合わせをされてしまう貧乳の女性のエロストです。,https://erostock.net/sozai/kaiawase,https://erostock.net/wp-content/uploads/2018/01/kaiawase_500.png
hadaka-gei,裸芸のおじさん（シガーボックス）,シガーボックスを使った裸芸を披露する全裸のおじさんのエロストです。,https://erostock.net/sozai/hadaka-gei,https://erostock.net/wp-content/uploads/2018/01/hadaka-gei_500.png
vji-kaikyaku,V字開脚する男性,座りながら脚を大きくV字に広げて股間を見せつける男性のエロストです。,https://erostock.net/sozai/vji-kaikyaku,https://erostock.net/wp-content/uploads/2018/01/vji-kaikyaku_500.png
chri-botch,クリぼっちの男性,クリスマスを一人で楽しむ太めの男性のエロストです。,https://erostock.net/sozai/chri-botch,https://erostock.net/wp-content/uploads/2017/12/chri-botch_500.png
santa-woman,サンタコスの女性,無駄に露出度の高いサンタ的なコスプレをする女性のエロストです。,https://erostock.net/sozai/santa-woman,https://erostock.net/wp-content/uploads/2017/12/santa-woman_500.png
reindeer,真っ赤なチンコのトナカイ,暗い夜道で役に立つ、真っ赤なチンコのトナカイさんのエロストです。,https://erostock.net/sozai/reindeer,https://erostock.net/wp-content/uploads/2017/12/reindeer_500.png
hentai-santa,変態サンタ,露出度の高いサンタのコスプレをする変態紳士のエロストです。,https://erostock.net/sozai/hentai-santa,https://erostock.net/wp-content/uploads/2017/12/hentai-santa_500.png
peni-cry,号泣ペニーくん,号泣するペニーくんのエロストです。,https://erostock.net/sozai/peni-cry,https://erostock.net/wp-content/uploads/2017/12/peni-cry_500.png
stripper_w,ストリッパーの女性,胸を隠しながらブラジャーを取ってストリップをする女性のエロストです。,https://erostock.net/sozai/stripper_w,https://erostock.net/wp-content/uploads/2017/11/stripper_w_500.png
omorashi-ol,おもらしするOL,おしっこが我慢できずに漏らしてしまったOLのエロストです。,https://erostock.net/sozai/omorashi-ol,https://erostock.net/wp-content/uploads/2017/11/omorashi-ol_500.png
big-hip-woman,巨尻の女性,お尻が凄く大きい女性のエロストです。,https://erostock.net/sozai/big-hip-woman,https://erostock.net/wp-content/uploads/2017/11/big-hip-woman_500.png
bakunyu-woman,爆乳の女性 立ち絵,一糸まとわぬ姿で立つ、もの凄くおっぱいが大きい女性のエロストです。,https://erostock.net/sozai/bakunyu-woman,https://erostock.net/wp-content/uploads/2017/11/bakunyu-woman_500.png
ero-sonkyo,エロ蹲踞をする女性,股を開きながら爪先立ちで腰を下ろしている全裸の女性のエロストです。,https://erostock.net/sozai/ero-sonkyo,https://erostock.net/wp-content/uploads/2017/11/ero-sonkyo_500.png
tekoki_omxm,おじさんに手コキされる男性,座っているおじさんに背後から抱きつかれながら手コキされる男性のエロストです。,https://erostock.net/sozai/tekoki_omxm,https://erostock.net/wp-content/uploads/2017/11/tekoki_omxm_500.png
handsome-man,ハンサムな男性 立ち絵,一糸まとわぬ姿で立つ、イケメン風な男性のエロストです。,https://erostock.net/sozai/handsome-man,https://erostock.net/wp-content/uploads/2017/11/handsome-man_500.png
futanari-notama,ふたなりの人（玉無し） 立ち絵,一糸まとわぬ姿で立つ、女性的な体つきでおちんちん（竿だけ）がついている人のエロストです。,https://erostock.net/sozai/futanari-notama,https://erostock.net/wp-content/uploads/2017/11/futanari-notama_500.png
futanari,ふたなりの人 立ち絵,一糸まとわぬ姿で立つ、女性的な体つきでおちんちんがついている人のエロストです。,https://erostock.net/sozai/futanari,https://erostock.net/wp-content/uploads/2017/11/futanari_500.png
muscle-man,マッチョな男性 立ち絵,一糸まとわぬ姿で立つ、筋肉質な男性のエロストです。,https://erostock.net/sozai/muscle-man,https://erostock.net/wp-content/uploads/2017/11/muscle-man_500.png
paco_woman,腰を振る女性,強すぎる愛情のあまり、つい腰を激しく振ってしまう全裸の女性のエロストです。,https://erostock.net/sozai/paco_woman,https://erostock.net/wp-content/uploads/2018/06/paco_woman_500.png
hip-up_om,お尻を突き上げるおじさん,四つん這いになってお尻を上に突き上げている全裸のおじさんのエロストです。,https://erostock.net/sozai/hip-up_om,https://erostock.net/wp-content/uploads/2018/06/hip-up_om_500.png
hip-up_rabbit,お尻を突き上げるメスのウサギ,お尻を上に突き上げている雌の兎のエロストです。,https://erostock.net/sozai/hip-up_rabbit,https://erostock.net/wp-content/uploads/2018/06/hip-up_rabbit_500.png
paco_rabbit,腰を振るオスのウサギ,強すぎる愛情のあまり、つい腰を激しく振ってしまう雄の兎のエロストです。,https://erostock.net/sozai/paco_rabbit,https://erostock.net/wp-content/uploads/2018/06/paco_rabbit_500.png
hip-up_woman,お尻を突き上げる女性,四つん這いになってお尻を上に突き上げている全裸の女性のエロストです。,https://erostock.net/sozai/hip-up_woman,https://erostock.net/wp-content/uploads/2018/06/hip-up_woman_500.png
onanism-vr,仮想現実オナニーをする男性,VRゴーグルをかけながらオナニーをする男性のエロストです。,https://erostock.net/sozai/onanism-vr,https://erostock.net/wp-content/uploads/2017/11/onanism-VR_500.png
dolphin,メスのイルカ,生殖孔（スリット）が丸見えになっている雌のイルカのエロストです。,https://erostock.net/sozai/dolphin,https://erostock.net/wp-content/uploads/2017/11/dolphin_500.png
condom03,コンドーム（使用済み）,白い液体がたっぷり入った、使用済みコンドームのエロストです。,https://erostock.net/sozai/condom03,https://erostock.net/wp-content/uploads/2017/11/condom03_500.png
cop-bear,交尾をするクマ,交尾をする熊のカップルのエロストです。,https://erostock.net/sozai/cop-bear,https://erostock.net/wp-content/uploads/2017/10/cop-bear_500.png
no-boobs-w,無乳の女性 立ち絵,一糸まとわぬ姿で立つ、貧乳というより無乳な女性のエロストです。,https://erostock.net/sozai/no-boobs-w,https://erostock.net/wp-content/uploads/2017/10/no-boobs-w_500.png
tekoki_omxdm,おじさんに手コキされる太めの男性,座っているおじさんに背後から抱きつかれながら手コキされるぽっちゃり系の男性のエロストです。,https://erostock.net/sozai/tekoki_omxdm,https://erostock.net/wp-content/uploads/2017/10/tekoki_omxdm_500.png
tekoki_wxm,お姉さんに手コキされる男性,横たわるお姉さんに手コキされる男性のエロストです。,https://erostock.net/sozai/tekoki_wxm,https://erostock.net/wp-content/uploads/2017/10/tekoki_wxm_500.png
paco_om,腰を振るおじさん,強すぎる愛情のあまり、つい腰を激しく振ってしまうおじさんのエロストです。,https://erostock.net/sozai/paco_om,https://erostock.net/wp-content/uploads/2018/06/paco_om_500.png
paco_man,腰を振る男性,強すぎる愛情のあまり、つい腰を激しく振ってしまう男性のエロストです。,https://erostock.net/sozai/paco_man,https://erostock.net/wp-content/uploads/2018/06/paco_man_500.png
witch-man,魔法使いの男性,貞操を守り抜いたことにより、人生の新たなステージへと到達した30代男性のエロストです。,https://erostock.net/sozai/witch-man,https://erostock.net/wp-content/uploads/2017/10/witch-man_500.png
ray,メスのエイ,総排出腔が丸見えになっている雌のエイのエロストです。,https://erostock.net/sozai/ray,https://erostock.net/wp-content/uploads/2017/10/ray_500.png
cunni_wxw,お姉さんにクンニされる貧乳の女性,お姉さんにまんぐり返しされながらクンニされる貧乳の女性のエロストです。,https://erostock.net/sozai/cunni_wxw,https://erostock.net/wp-content/uploads/2017/10/cunni_wxw_500.png
teman_mxw,男性に手マンされる女性,座っている男性に背後から抱きつかれながら手マンされる女性のエロストです。,https://erostock.net/sozai/teman_mxw,https://erostock.net/wp-content/uploads/2017/10/teman_mxw_500.png
sico-tissue-ball,シコティッシュボール,使用済みティッシュをゴミ箱に投げる太めの男性のエロストです。,https://erostock.net/sozai/sico-tissue-ball,https://erostock.net/wp-content/uploads/2017/10/sico-tissue-ball_500.png
sico-tissue-field,シコティッシュフィールド,太めの男性の使用済みティッシュによって形成された芳しいフィールドのエロストです。,https://erostock.net/sozai/sico-tissue-field,https://erostock.net/wp-content/uploads/2017/10/sico-tissue-field_500.png
pai-slash,π／（パイスラッシュ）,肩掛けカバンのベルトによってお胸が強調されている、メガネをかけた巨乳の女性のエロストです。,https://erostock.net/sozai/pai-slash,https://erostock.net/wp-content/uploads/2017/10/pai-slash_500.png
sico-tissue,シコティッシュ,何かを受け止める為に使われた使用済みティッシュのエロストです。,https://erostock.net/sozai/sico-tissue,https://erostock.net/wp-content/uploads/2017/10/sico-tissue_500.png
w-couple_teman,手マンされる貧乳の女性,ボディタッチの多いお姉さんに股間を愛撫される貧乳の女性のエロストです。,https://erostock.net/sozai/w-couple_teman,https://erostock.net/wp-content/uploads/2017/10/w-couple_teman_500.png
side_mxom,側位 男性とおじさん,股挟み側位で絡む男性とおじさんのエロストです。,https://erostock.net/sozai/side_mxom,https://erostock.net/wp-content/uploads/2017/10/side_mxom_500.png
bb-glass,メガネ巨乳の女性,ノースリーブの白いニット（セーター）を着ている、メガネをかけた巨乳な女性のエロストです。,https://erostock.net/sozai/bb-glass,https://erostock.net/wp-content/uploads/2017/10/bb-glass_500.png
cop-monkey,交尾をするサル,交尾をする猿のカップルのエロストです。,https://erostock.net/sozai/cop-monkey,https://erostock.net/wp-content/uploads/2017/10/cop-monkey_500.png
monkey_mastur,オナニーをする猿,自らのペニスをひたすらしごきまくるオスのサルのエロストです。,https://erostock.net/sozai/monkey_mastur,https://erostock.net/wp-content/uploads/2017/10/monkey_mastur_500.png
high_couple,がんばる男女カップル,なんだか張り切っている感じの全裸の男女カップルのエロストです。,https://erostock.net/sozai/high_couple,https://erostock.net/wp-content/uploads/2017/10/high_couple_500.png
bukkake,ブッカケる男性,強すぎる愛情のあまり、ついブッカケてしまう男性のエロストです。,https://erostock.net/sozai/bukkake,https://erostock.net/wp-content/uploads/2017/10/bukkake_500.png
side_omxw,側位 おじさんと女性,股挟み側位で絡むおじさんと女性のエロストです。,https://erostock.net/sozai/side_omxw,https://erostock.net/wp-content/uploads/2017/10/side_omxw_500.png
side_mxw,側位 男性と女性,股挟み側位で絡む男性と女性のエロストです。,https://erostock.net/sozai/side_mxw,https://erostock.net/wp-content/uploads/2017/10/side_mxw_500.png
back_omxm,後背位 おじさんと男性,後背位（バック）で絡むおじさんと男性のエロストです。,https://erostock.net/sozai/back_omxm,https://erostock.net/wp-content/uploads/2017/09/back_omxm_500.png
ban_circle,禁止マーク,何かを禁止したい時に使えるマークです。,https://erostock.net/sozai/ban_circle,https://erostock.net/wp-content/uploads/2017/09/ban_circle_500.png
r18_circle_1,丸い18禁マーク 赤白,赤と白の丸い18禁マークです。,https://erostock.net/sozai/r18_circle_1,https://erostock.net/wp-content/uploads/2017/09/r18_circle_1_500.png
r18_circle_2,丸い18禁マーク 赤黒,赤と黒の丸い18禁マークです。,https://erostock.net/sozai/r18_circle_2,https://erostock.net/wp-content/uploads/2017/09/r18_circle_2_500.png
r18_square_rd,四角い18禁マーク 赤,赤色の四角い18禁マークです。,https://erostock.net/sozai/r18_square_rd,https://erostock.net/wp-content/uploads/2017/09/r18_square_RD_500.png
r18_square_bk,四角い18禁マーク 黒,黒色の四角い18禁マークです。,https://erostock.net/sozai/r18_square_bk,https://erostock.net/wp-content/uploads/2017/09/r18_square_BK_500.png
rotor,ピンク色のローター,強度が調整できるピンク色の有線ローターのエロストです。,https://erostock.net/sozai/rotor,https://erostock.net/wp-content/uploads/2017/09/rotor_500.png
anal-beads,アナルビーズ（アナルパール）,ピンク色のアナルビーズ（アナルパール）のエロストです。,https://erostock.net/sozai/anal-beads,https://erostock.net/wp-content/uploads/2017/09/anal-beads_500.png
yuka-ona,床オナをする男性,地球とセックスをする男性のエロストです。,https://erostock.net/sozai/yuka-ona,https://erostock.net/wp-content/uploads/2017/09/yuka-ona_500.png
side_omxhw,側位 謎の紳士と魔女コスの女性,ハロウィンの際どい衣装で男をたぶらかす悪い魔女を、股挟み側位で成敗する謎の紳士のエロストです。,https://erostock.net/sozai/side_omxhw,https://erostock.net/wp-content/uploads/2017/09/side_omxhw_500.png
halloween-w2,魔女コスの女性,無駄に露出度の高い魔女的なハロウィン仮装をする女性のエロストです。,https://erostock.net/sozai/halloween-w2,https://erostock.net/wp-content/uploads/2017/09/halloween-w2_500.png
squirre-chestnut,くりとりす,大きな栗をさすって愛でるリスのエロストです。,https://erostock.net/sozai/squirre-chestnut,https://erostock.net/wp-content/uploads/2017/09/squirre-chestnut_500.png
back_omxhw,後背位 謎の紳士と小悪魔コスの女性,ハロウィンのいたずら好きな小悪魔を、後背位（バック）で成敗する謎の仮装紳士のエロストです。,https://erostock.net/sozai/back_omxhw,https://erostock.net/wp-content/uploads/2017/09/back_omxhw_500.png
halloween-om,謎の仮装紳士,謎の紳士のハロウィン仮装をするおじさんのエロストです。,https://erostock.net/sozai/halloween-om,https://erostock.net/wp-content/uploads/2017/09/halloween-om_500.png
halloween-w,小悪魔コスの女性,無駄に露出度の高い小悪魔的なハロウィン仮装をする女性のエロストです。,https://erostock.net/sozai/halloween-w,https://erostock.net/wp-content/uploads/2017/09/halloween-w_500.png
mastur_w,オナニーをする女性,手を使ってオナニーをする女性のエロストです。,https://erostock.net/sozai/mastur_w,https://erostock.net/wp-content/uploads/2017/09/mastur_w_500.png
shokushu_om,触手に捕まったおじさん,ウネウネ動く謎の触手に捕まってしまった全裸のおじさんのエロストです。,https://erostock.net/sozai/shokushu_om,https://erostock.net/wp-content/uploads/2017/09/shokushu_om_500.png
mji-kaikyaku,M字開脚する女性,座りながら脚を大きく広げて股間を見せつける女性のエロストです。,https://erostock.net/sozai/mji-kaikyaku,https://erostock.net/wp-content/uploads/2017/09/mji-kaikyaku_500.png
fertilized-bal,吹き出し（受精中の精子と卵子）,受精中の精子と卵子を表現している吹き出しのエロストです。,https://erostock.net/sozai/fertilized-bal,https://erostock.net/wp-content/uploads/2017/09/fertilized-ball_500.png
fertilized-face,受精中の精子と卵子（顔あり）,今まさに受精せんとする楽しそうな精子と卵子のエロストです。,https://erostock.net/sozai/fertilized-face,https://erostock.net/wp-content/uploads/2017/09/fertilized-face_500.png
fertilized,受精中の精子と卵子,今まさに受精せんとする精子と卵子のイラストです。,https://erostock.net/sozai/fertilized,https://erostock.net/wp-content/uploads/2017/09/fertilized_500.png
ovum-face,卵子（顔あり）,精子の到着を楽しそうに待っている卵子のエロストです。,https://erostock.net/sozai/ovum-face,https://erostock.net/wp-content/uploads/2017/09/ovum-face_500.png
ovum,卵子,精子の到着を待つ卵子のイラストです。,https://erostock.net/sozai/ovum,https://erostock.net/wp-content/uploads/2017/09/ovum_500.png
sperm-face,精子（顔あり）,卵子に向かって泳ぐ楽しそうな精子のエロストです。,https://erostock.net/sozai/sperm-face,https://erostock.net/wp-content/uploads/2017/09/sperm-face_500.png
sperm,精子,卵子に向かって泳ぐ精子のイラストです。,https://erostock.net/sozai/sperm,https://erostock.net/wp-content/uploads/2017/09/sperm_500.png
shokushu-w,触手に捕まった女性,ウネウネ動く謎の触手に捕まってしまった全裸女性のエロストです。,https://erostock.net/sozai/shokushu-w,https://erostock.net/wp-content/uploads/2017/09/shokushu-w_500.png
condom02,コンドーム（開封済み）,パウチから取り出したコンドームのエロストです。,https://erostock.net/sozai/condom02,https://erostock.net/wp-content/uploads/2017/09/condom02_500.png
condom01,コンドーム（未開封）,未開封のコンドームのエロストです。,https://erostock.net/sozai/condom01,https://erostock.net/wp-content/uploads/2017/09/condom01_500.png
hide-oldm,隠しちゃうおじさん,見せられない部分を隠しているおじさんのエロストです。,https://erostock.net/sozai/hide-oldm,https://erostock.net/wp-content/uploads/2017/09/hide-oldm_500.png
onesan-man,お姉さんと男性,ボディタッチの多いお姉さんに戸惑う男性のエロストです。,https://erostock.net/sozai/onesan-man,https://erostock.net/wp-content/uploads/2017/09/onesan-man_500.png
hadaka-apron,裸エプロンの女性,エプロンだけを身につけた女性のエロストです。,https://erostock.net/sozai/hadaka-apron,https://erostock.net/wp-content/uploads/2017/09/hadaka-apron_500.png
hide-rabbit,隠しちゃうウサギ,見せられない部分を隠しているうさぎのエロストです。,https://erostock.net/sozai/hide-rabbit,https://erostock.net/wp-content/uploads/2017/09/hide-rabbit_500.png
women-couple,お姉さんと貧乳の女性,ボディタッチの多いお姉さんに戸惑う貧乳の女性のエロストです。,https://erostock.net/sozai/women-couple,https://erostock.net/wp-content/uploads/2017/09/women-couple_500.png
s-boobs-w,貧乳の女性 立ち絵,一糸まとわぬ姿で立つ、胸の大きさが控えめな女性のエロストです。,https://erostock.net/sozai/s-boobs-w,https://erostock.net/wp-content/uploads/2017/09/s-boobs-w_500.png
high-om,がんばるおじさん,全裸でなんだか張り切っている感じのおじさんのエロストです。,https://erostock.net/sozai/high-om,https://erostock.net/wp-content/uploads/2017/09/high-om_500.png
vibe,バイブ,手前と奥を同時に刺激出来るタイプのバイブのエロストです。,https://erostock.net/sozai/vibe,https://erostock.net/wp-content/uploads/2017/09/vibe_500.png
tebra-fatw,手ブラのぽっちゃり女性,手をブラ代わりにする太めの女性のエロストです。,https://erostock.net/sozai/tebra-fatw,https://erostock.net/wp-content/uploads/2017/09/tebra-fatw_500.png
sexy_pose_w,セクシーポーズをする女性01,セクシーなポーズをする女性のエロストです。,https://erostock.net/sozai/sexy_pose_w,https://erostock.net/wp-content/uploads/2017/09/sexy_pose_w_500.png
self-gansha,セルフ顔射をする男性,事故なのか故意なのか、自分の顔に発射してしまった男性のエロストです。,https://erostock.net/sozai/self-gansha,https://erostock.net/wp-content/uploads/2017/09/self-gansha_500.png
grad-woman,元気な女性,握りこぶしを上げるハツラツとした全裸女性のエロストです。,https://erostock.net/sozai/grad-woman,https://erostock.net/wp-content/uploads/2017/09/grad-woman_500.png
point-woman,人差し指を立てる女性,人差し指を立ててポイントを説明するような女性のエロストです。,https://erostock.net/sozai/point-woman,https://erostock.net/wp-content/uploads/2017/09/point-woman_500.png
peni-shot,発射するペニーくん,興奮のあまり頭がパーンとなったペニーくんのエロストです。,https://erostock.net/sozai/peni-shot,https://erostock.net/wp-content/uploads/2017/09/peni-shot_500.png
peni-funya,フニャっとペニーくん,力が抜けてフニャっとしてしまったペニーくんのエロストです。,https://erostock.net/sozai/peni-funya,https://erostock.net/wp-content/uploads/2017/09/peni-funya_500.png
peni-bokki,背伸びをするペニーくん,力強く背伸びするペニーくんのエロストです。,https://erostock.net/sozai/peni-bokki,https://erostock.net/wp-content/uploads/2017/09/peni-bokki_500.png
open-rabbit,おっぴろげウサギ,股を全開にしてくつろいでいるオスうさぎのエロストです。,https://erostock.net/sozai/open-rabbit,https://erostock.net/wp-content/uploads/2017/09/open-rabbit_500.png
naked_fatw,全裸のぽっちゃり女性 立ち絵,一糸まとわぬ姿で立つ太めの女性のエロストです。,https://erostock.net/sozai/naked_fatw,https://erostock.net/wp-content/uploads/2017/09/naked_fatw_500.png
peni-kun,ペニーくん,エロストックのマスコットキャラクター、ペニーくんのエロストです。,https://erostock.net/sozai/peni-kun,https://erostock.net/wp-content/uploads/2018/02/peni-kun_500.png
kamibra,髪ブラの女性,髪の毛で乳房が隠れている女性のエロストです。,https://erostock.net/sozai/kamibra,https://erostock.net/wp-content/uploads/2017/09/kamibra_500.png
gentleman,変態紳士,気品ただよう紐水着（スリングビキニ・ブラジル水着）を着た変態紳士のエロストです。,https://erostock.net/sozai/gentleman,https://erostock.net/wp-content/uploads/2017/09/gentleman_500.png
dominatrix,女王様,高圧的な雰囲気の女王様のエロストです。,https://erostock.net/sozai/dominatrix,https://erostock.net/wp-content/uploads/2017/09/dominatrix_500.png
cop-rabbit,交尾をするウサギ,交尾をするうさぎのカップルのエロストです。,https://erostock.net/sozai/cop-rabbit,https://erostock.net/wp-content/uploads/2017/09/cop-rabbit_500.png
cop-dog,交尾をする犬,交尾をするイヌのカップルのエロストです。,https://erostock.net/sozai/cop-dog,https://erostock.net/wp-content/uploads/2017/09/cop-dog_500.png
cop-cat,交尾をする猫,交尾をするネコのカップルのエロストです。,https://erostock.net/sozai/cop-cat,https://erostock.net/wp-content/uploads/2017/09/cop-cat_500.png
cg_wxm,騎乗位 女性と男性,騎乗位で絡む女性と男性のエロストです。,https://erostock.net/sozai/cg_wxm,https://erostock.net/wp-content/uploads/2017/09/cg_wxm_500.png
cg_owxom,騎乗位 おばさんとおじさん,騎乗位で絡むおばさんとおじさんのエロストです。,https://erostock.net/sozai/cg_owxom,https://erostock.net/wp-content/uploads/2017/09/cg_owxom_500.png
cg_owxm,騎乗位 おばさんと男性,騎乗位で絡むおばさんと男性のエロストです。,https://erostock.net/sozai/cg_owxm,https://erostock.net/wp-content/uploads/2017/09/cg_owxm_500.png
cg_omxm,騎乗位 おじさんと男性,騎乗位で絡むおじさんと男性のエロストです。,https://erostock.net/sozai/cg_omxm,https://erostock.net/wp-content/uploads/2017/09/cg_omxm_500.png
carrot-rabbit,にんじんとウサギ,大きなニンジンをさすって愛でるうさぎのエロストです。,https://erostock.net/sozai/carrot-rabbit,https://erostock.net/wp-content/uploads/2017/09/carrot-rabbit_500.png
big-dick,巨根の男性,立派なイチモツをお持ちの男性のエロストです。,https://erostock.net/sozai/big-dick,https://erostock.net/wp-content/uploads/2017/09/big-dick_500.png
r18_y,R18マーク 黄,黄色の菱形R18マークです。,https://erostock.net/sozai/r18_y,https://erostock.net/wp-content/uploads/2017/09/r18_y_500.png
r18_rd,R18マーク 赤,赤色の菱形R18マークです。,https://erostock.net/sozai/r18_rd,https://erostock.net/wp-content/uploads/2017/09/r18_rd_500.png
r18_pu,R18マーク 紫,紫色の菱形R18マークです。,https://erostock.net/sozai/r18_pu,https://erostock.net/wp-content/uploads/2017/09/r18_pu_500.png
r18_pk,R18マーク ピンク,ピンク色の菱形R18マークです。,https://erostock.net/sozai/r18_pk,https://erostock.net/wp-content/uploads/2017/09/r18_pk_500.png
r18_or,R18マーク オレンジ,オレンジ色の菱形R18マークです。,https://erostock.net/sozai/r18_or,https://erostock.net/wp-content/uploads/2017/09/r18_or_500.png
r18_gd,R18マーク 金,金色の菱形R18マークです。,https://erostock.net/sozai/r18_gd,https://erostock.net/wp-content/uploads/2017/09/r18_gd_500.png
takushi-woman,たくしあげる女性,ワンピースの裾をたくしあげる女性のエロストです。,https://erostock.net/sozai/takushi-woman,https://erostock.net/wp-content/uploads/2017/08/takushi-woman_500.png
master-man-fin,オナニーをする男性（発射）,立ちながら両手で自慰をして射精する男性のエロストです。,https://erostock.net/sozai/master-man-fin,https://erostock.net/wp-content/uploads/2017/08/master-man-fin_500.png
master-man,オナニーをする男性,立ちながら両手で自慰をする男性のエロストです。,https://erostock.net/sozai/master-man,https://erostock.net/wp-content/uploads/2017/08/master-man_500.png
lying-woman,横たわる女性,セクシーに横たわる女性のエロストです。,https://erostock.net/sozai/lying-woman,https://erostock.net/wp-content/uploads/2017/08/lying-woman_500.png
huge-dick,超巨根の男性,すさまじく巨根な男性のエロストです。,https://erostock.net/sozai/huge-dick,https://erostock.net/wp-content/uploads/2017/08/huge-dick_500.png
back_wxom,後背位 おじさんと女性,後背位（バック）で絡むおじさんと女性のエロストです。,https://erostock.net/sozai/back_wxom,https://erostock.net/wp-content/uploads/2017/08/back_wxom_500.png
back_wxm2,後背位 男性と女性（真顔）,後背位（バック）で絡む男性と女性（真顔）のエロストです。,https://erostock.net/sozai/back_wxm2,https://erostock.net/wp-content/uploads/2017/08/back_wxm2_500.png
back_owxom,後背位 おじさんとおばさん,後背位（バック）で絡むおじさんとおばさんのエロストです。,https://erostock.net/sozai/back_owxom,https://erostock.net/wp-content/uploads/2017/08/back_owxom_500.png
back_mxom,後背位 男性とおじさん,後背位（バック）で絡む男性とおじさんのエロストです。,https://erostock.net/sozai/back_mxom,https://erostock.net/wp-content/uploads/2017/09/back_mxom_500.png
back_wxm,後背位 男性と女性,後背位（バック）で絡む男性と女性のエロストです。,https://erostock.net/sozai/back_wxm,https://erostock.net/wp-content/uploads/2017/08/back_wxm_500.png
norm_omxm,正常位 男性とおじさん,正常位で絡む男性とおじさんのエロストです。,https://erostock.net/sozai/norm_omxm,https://erostock.net/wp-content/uploads/2017/08/nomal_omxm_500.png
norm_owxm,正常位 男性とおばさん,正常位で絡む男性とおばさんのエロストです。,https://erostock.net/sozai/norm_owxm,https://erostock.net/wp-content/uploads/2017/08/nomal_owxm_500.png
norm_wxom,正常位 おじさんと女性,正常位で絡むおじさんと女性のエロストです。,https://erostock.net/sozai/norm_wxom,https://erostock.net/wp-content/uploads/2017/08/nomal_wxom_500.png
norm_owxom,正常位 おじさんとおばさん,正常位で絡むおじさんとおばさんのエロストです。,https://erostock.net/sozai/norm_owxom,https://erostock.net/wp-content/uploads/2017/08/nomal_owxom_500.png
norm_wxm,正常位 男性と女性,正常位で絡む男性と女性のエロストです。,https://erostock.net/sozai/norm_wxm,https://erostock.net/wp-content/uploads/2017/08/nomal_wxm_500.png
naked_old-lady,全裸のおばさん 立ち絵,一糸まとわぬ姿で立つおばさんのエロストです。,https://erostock.net/sozai/naked_old-lady,https://erostock.net/wp-content/uploads/2017/08/naked_old-lady_500.png
naked_old-man,全裸のおじさん 立ち絵,一糸まとわぬ姿のおじさんのエロストです。,https://erostock.net/sozai/naked_old-man,https://erostock.net/wp-content/uploads/2017/08/naked_old-man_500.png
naked_woman,全裸の女性 立ち絵,一糸まとわぬ姿で立つ女性のエロストです。,https://erostock.net/sozai/naked_woman,https://erostock.net/wp-content/uploads/2017/08/naked_woman_500.png
naked_man,全裸の男性 立ち絵,一糸まとわぬ姿で立つ男性のエロストです。,https://erostock.net/sozai/naked_man,https://erostock.net/wp-content/uploads/2017/08/naked_man_500.png
bunnygirl,バニーガール,うさぎの耳を付けたバニーガール姿の女性のエロストです。,https://erostock.net/sozai/bunnygirl,https://erostock.net/wp-content/uploads/2017/08/bunny_girl_500.png
